{
  "train_loss": [
    12.599629779815674,
    3.4218661346435546,
    3.0286524391174314,
    2.764972396850586,
    2.5921871185302736,
    2.5031103038787843,
    2.4372624473571776,
    2.385274070739746,
    2.375296461105347,
    2.36343666267395,
    2.35172660446167,
    2.349196575164795,
    2.3419660110473632,
    2.335712692260742,
    2.330895092010498,
    2.340012878417969,
    2.3270465297698975,
    2.326290699005127,
    2.325245994567871,
    2.3236102027893066,
    2.3196444797515867,
    2.3203662452697755,
    2.3164533119201662,
    2.312248218536377,
    2.3192867851257324,
    2.312136636734009,
    2.3124719047546387,
    2.3100299224853518,
    2.3091815872192383,
    2.308239469528198,
    2.308591739654541,
    2.3083999843597414,
    2.304701730728149,
    2.3044785461425783,
    2.306009536743164,
    2.307650802612305,
    2.306084810256958,
    2.305170991897583,
    2.301785057067871,
    2.300973644256592,
    2.300651397705078,
    2.2985434169769285,
    2.297439069747925,
    2.2957958431243894,
    2.295607238769531,
    2.294008605957031,
    2.2949176597595216,
    2.295907423019409,
    2.296731315612793,
    2.292241403579712
  ],
  "eval_loss": [
    2.6407256889343262,
    2.4674326515197755,
    2.473983631134033,
    2.829560470581055,
    3.2010438728332518,
    2.759052486419678,
    2.7635829925537108,
    3.12307315826416,
    3.1254359436035157,
    3.3358771705627444,
    3.3386756134033204,
    3.0835529804229735,
    3.407865591049194,
    3.451210174560547,
    3.3379942417144775,
    3.271557550430298,
    3.352025966644287,
    3.307262172698975,
    3.1741841888427733,
    3.444945287704468,
    3.3315696811676023,
    3.4377329349517822,
    3.5389225673675537,
    3.4390192794799805,
    3.3842341232299806,
    3.586220283508301,
    3.5823581123352053,
    3.6103391456604004,
    3.508187885284424,
    3.77537654876709,
    3.2705967903137205,
    3.339081449508667,
    3.7656118392944338,
    3.640037527084351,
    3.750743751525879,
    3.748165330886841,
    3.944978713989258,
    3.7249273681640624,
    3.7099191665649416,
    3.9795440578460695,
    3.98516731262207,
    3.4776728343963623,
    3.3204713249206543,
    3.865613079071045,
    3.7122006607055664,
    3.7797036075592043,
    3.6075782012939452,
    3.689826068878174,
    3.377521629333496,
    3.2439715576171877
  ],
  "eval_accuracy": [
    0.09822265625,
    0.096328125,
    0.1008203125,
    0.1051953125,
    0.1030859375,
    0.1044921875,
    0.10693359375,
    0.102265625,
    0.10376953125,
    0.10390625,
    0.10490234375,
    0.10279296875,
    0.10587890625,
    0.105078125,
    0.10236328125,
    0.10220703125,
    0.10451171875,
    0.10263671875,
    0.103515625,
    0.10302734375,
    0.10498046875,
    0.1045703125,
    0.10224609375,
    0.1027734375,
    0.10546875,
    0.10501953125,
    0.10349609375,
    0.10220703125,
    0.10162109375,
    0.10296875,
    0.10162109375,
    0.1029296875,
    0.10119140625,
    0.103359375,
    0.10203125,
    0.10361328125,
    0.100625,
    0.1036328125,
    0.1030078125,
    0.1016015625,
    0.1046875,
    0.103671875,
    0.10376953125,
    0.10490234375,
    0.10390625,
    0.10419921875,
    0.10458984375,
    0.1041015625,
    0.10193359375,
    0.10421875
  ],
  "eval_perplexity": [
    14.023375511169434,
    11.792134284973145,
    11.869635581970215,
    16.93801498413086,
    24.558151245117188,
    15.784879684448242,
    15.85655403137207,
    22.716081619262695,
    22.769817352294922,
    28.103023529052734,
    28.18177604675293,
    21.83584976196289,
    30.200712203979492,
    31.53853988647461,
    28.162586212158203,
    26.352352142333984,
    28.56053924560547,
    27.310253143310547,
    23.907304763793945,
    31.341569900512695,
    27.98223114013672,
    31.116334915161133,
    34.42980194091797,
    31.15638542175293,
    29.49539566040039,
    36.09737777709961,
    35.95823669433594,
    36.97859191894531,
    33.3877067565918,
    43.613929748535156,
    26.327045440673828,
    28.193220138549805,
    43.19012451171875,
    38.093265533447266,
    42.5527229309082,
    42.44314193725586,
    51.67523956298828,
    41.468223571777344,
    40.85050582885742,
    53.492645263671875,
    53.79428482055664,
    32.38426971435547,
    27.673389434814453,
    47.732521057128906,
    40.943809509277344,
    43.80305862426758,
    36.87664031982422,
    40.037879943847656,
    29.298067092895508,
    25.635332107543945
  ]
}