{
  "train_loss": [
    12.123442749023438,
    3.4171440868377685,
    3.0027267761230467,
    2.836647888183594,
    2.626572889328003,
    2.4851607933044435,
    2.412263771057129,
    2.3808406200408934,
    2.3778536109924318,
    2.369879886627197,
    2.3538333377838137,
    2.3412510566711426,
    2.3389538955688476,
    2.3297461013793948,
    2.3299971504211427,
    2.3240578517913817,
    2.3166643714904787,
    2.311293628692627,
    2.3168728523254396,
    2.3144612464904784,
    2.315268419265747,
    2.308991090774536,
    2.3092385120391845,
    2.3077953929901125,
    2.3081507587432863,
    2.303149044036865,
    2.3027739639282228,
    2.3012237968444826,
    2.302811164855957,
    2.300913095474243,
    2.2990324020385744,
    2.298725788116455,
    2.296066743850708,
    2.2972393798828126,
    2.2984127349853516,
    2.296271411895752,
    2.2976992626190187,
    2.2979279403686523,
    2.295585994720459,
    2.2963649101257326,
    2.296609889984131,
    2.2952640495300294,
    2.2945394821166993,
    2.2949688186645507,
    2.29360689163208,
    2.2928030586242674,
    2.29471492767334,
    2.2950183353424074,
    2.294742130279541,
    2.293175033569336
  ],
  "eval_loss": [
    3.1109024238586427,
    2.738155870437622,
    2.501746597290039,
    2.475619926452637,
    2.492526512145996,
    2.9192207717895506,
    2.7250593757629393,
    2.5999151992797853,
    2.7865411758422853,
    3.0883562088012697,
    3.120760774612427,
    3.051357650756836,
    2.923485527038574,
    3.1688921737670896,
    3.2972647285461427,
    3.1605797481536864,
    3.0777531814575196,
    3.08481689453125,
    3.2309358882904053,
    3.0740976524353028,
    3.0766826343536375,
    3.2147869205474855,
    3.081320161819458,
    3.074164171218872,
    3.1082404327392577,
    3.2931617450714112,
    3.2607153129577635,
    3.273573570251465,
    3.2156188774108885,
    3.3419524669647216,
    3.2442190551757815,
    3.2556147956848145,
    3.3153023147583007,
    3.4750109100341797,
    3.3865716743469236,
    3.2409806728363035,
    2.9395203971862793,
    2.8093321704864502,
    2.912902660369873,
    2.922477102279663,
    3.10742151260376,
    3.2823622894287108,
    3.342690305709839,
    3.0542012786865236,
    3.0508540534973143,
    3.0747345161437987,
    3.0289528274536135,
    3.2424454498291015,
    3.424977264404297,
    3.5223955631256105
  ],
  "eval_accuracy": [
    0.09861328125,
    0.10203125,
    0.10142578125,
    0.10244140625,
    0.1000390625,
    0.1023828125,
    0.1064453125,
    0.10287109375,
    0.10341796875,
    0.10283203125,
    0.10529296875,
    0.10427734375,
    0.1033984375,
    0.10185546875,
    0.1021875,
    0.10279296875,
    0.10453125,
    0.103515625,
    0.1039453125,
    0.103203125,
    0.103984375,
    0.1046484375,
    0.1044140625,
    0.1029296875,
    0.10490234375,
    0.10208984375,
    0.101875,
    0.10380859375,
    0.10294921875,
    0.10177734375,
    0.1016015625,
    0.1067578125,
    0.1030859375,
    0.10390625,
    0.10234375,
    0.10265625,
    0.1009375,
    0.1047265625,
    0.1032421875,
    0.10244140625,
    0.1040234375,
    0.10357421875,
    0.10515625,
    0.104765625,
    0.1016015625,
    0.10224609375,
    0.1032421875,
    0.1038671875,
    0.09958984375,
    0.103359375
  ],
  "eval_perplexity": [
    22.4412841796875,
    15.458451271057129,
    12.203791618347168,
    11.889076232910156,
    12.091788291931152,
    18.526844024658203,
    15.257318496704102,
    13.462596893310547,
    16.224803924560547,
    21.940982818603516,
    22.663612365722656,
    21.144033432006836,
    18.60602569580078,
    23.781124114990234,
    27.03858184814453,
    23.58426284790039,
    21.70956802368164,
    21.86346435546875,
    25.303325653076172,
    21.630353927612305,
    21.68634033203125,
    24.897987365722656,
    21.78714370727539,
    21.631793975830078,
    22.38162612915039,
    26.927865982055664,
    26.06817626953125,
    26.405534744262695,
    24.91870880126953,
    28.274280548095703,
    25.641677856445312,
    25.93555450439453,
    27.530717849731445,
    32.298179626464844,
    29.564420700073242,
    25.558773040771484,
    18.906776428222656,
    16.59882926940918,
    18.410158157348633,
    18.587270736694336,
    22.363304138183594,
    26.63862419128418,
    28.29514503479004,
    21.20424461364746,
    21.133384704589844,
    21.644132614135742,
    20.67557144165039,
    25.596240997314453,
    30.721946716308594,
    33.86545944213867
  ]
}