{
  "train_loss": [
    12.405646381378174,
    3.2882584056854247,
    2.878427646636963,
    2.6673235244750977,
    2.5259543800354005,
    2.449601650238037,
    2.419875965118408,
    2.4009968223571776,
    2.381149402618408,
    2.3646524810791014,
    2.349984504699707,
    2.3407342567443847,
    2.3398759765625,
    2.3312898216247557,
    2.3341455154418944,
    2.330039775848389,
    2.317969430923462,
    2.3142139072418213,
    2.3184062671661376,
    2.3156511669158935,
    2.311747543334961,
    2.3146231384277343,
    2.3081364402770994,
    2.3036697731018068,
    2.304015682220459,
    2.304549690246582,
    2.303645622253418,
    2.3021612548828125,
    2.302612140655518,
    2.3035532112121584,
    2.300333255767822,
    2.2996196022033693,
    2.2963380584716795,
    2.2986175861358644,
    2.2980576229095457,
    2.2967694873809816,
    2.298221488952637,
    2.295639493942261,
    2.2950765151977537,
    2.2970692138671875,
    2.2947419624328615,
    2.2946077613830567,
    2.2959172534942627,
    2.293448009490967,
    2.2939341201782226,
    2.292186279296875,
    2.29337744140625,
    2.2946972961425782,
    2.2955091361999513,
    2.292559139251709
  ],
  "eval_loss": [
    2.4854519367218018,
    2.5288960838317873,
    2.6727186393737794,
    2.423790168762207,
    2.3911711883544924,
    2.5365656185150147,
    2.3695129680633547,
    2.3802372932434084,
    2.468689270019531,
    2.526269474029541,
    2.6033956146240236,
    2.765713119506836,
    2.7910588645935057,
    3.9833695220947267,
    6.300096702575684,
    8.46379077911377,
    8.879087028503418,
    9.036071548461914,
    8.952133941650391,
    10.038685531616212,
    9.420495796203614,
    10.410225715637207,
    10.770719451904297,
    10.743389129638672,
    10.74450454711914,
    10.346387100219726,
    10.42294921875,
    10.447427749633789,
    10.375389099121094,
    9.680267829895019,
    10.019364700317382,
    9.044937286376953,
    9.46591651916504,
    9.077991447448731,
    9.22830810546875,
    8.916520309448241,
    8.730752410888671,
    8.78372356414795,
    8.128868446350097,
    7.631043014526367,
    7.922458648681641,
    7.843848342895508,
    7.85250919342041,
    7.4263238525390625,
    7.789643955230713,
    8.273631057739259,
    7.9894020462036135,
    8.727249908447266,
    8.184264869689942,
    8.23036880493164
  ],
  "eval_accuracy": [
    0.0984375,
    0.10138671875,
    0.1008203125,
    0.09935546875,
    0.098984375,
    0.09845703125,
    0.09951171875,
    0.10080078125,
    0.10376953125,
    0.10267578125,
    0.103984375,
    0.1025,
    0.1066015625,
    0.1048046875,
    0.1022265625,
    0.10123046875,
    0.103828125,
    0.1057421875,
    0.102890625,
    0.1036328125,
    0.1035546875,
    0.10291015625,
    0.10224609375,
    0.1029296875,
    0.10365234375,
    0.10234375,
    0.1037109375,
    0.10208984375,
    0.103203125,
    0.10271484375,
    0.10166015625,
    0.104140625,
    0.1025390625,
    0.1040234375,
    0.10158203125,
    0.10201171875,
    0.10107421875,
    0.10349609375,
    0.10181640625,
    0.1016796875,
    0.10189453125,
    0.1019140625,
    0.10568359375,
    0.105,
    0.1018359375,
    0.102265625,
    0.10419921875,
    0.105234375,
    0.10216796875,
    0.10455078125
  ],
  "eval_perplexity": [
    12.006545066833496,
    12.539655685424805,
    14.479277610778809,
    11.288564682006836,
    10.926283836364746,
    12.636198043823242,
    10.692184448242188,
    10.807467460632324,
    11.806960105895996,
    12.50676155090332,
    13.50953483581543,
    15.890369415283203,
    16.298267364501953,
    53.697669982910156,
    544.6244506835938,
    4739.99267578125,
    7180.2353515625,
    8400.7119140625,
    7724.35888671875,
    22895.2734375,
    12338.7001953125,
    33197.3671875,
    47606.2578125,
    46322.78125,
    46374.49609375,
    31144.3125,
    33622.43359375,
    34455.6328125,
    32060.791015625,
    15998.7890625,
    22457.150390625,
    8475.5185546875,
    12912.0546875,
    8760.353515625,
    10181.296875,
    7454.1044921875,
    6190.38134765625,
    6527.13818359375,
    3390.959228515625,
    2061.19873046875,
    2758.544921875,
    2549.9990234375,
    2572.179931640625,
    1679.6217041015625,
    2415.45703125,
    3919.154052734375,
    2949.531982421875,
    6168.7412109375,
    3584.10888671875,
    3753.217041015625
  ]
}