{
  "train_loss": [
    13.889834442138671,
    3.583535945892334,
    3.2018302726745604,
    2.8225232734680175,
    2.65518860244751,
    2.524326089859009,
    2.4335196189880373,
    2.4280377235412596,
    2.3890335121154784,
    2.376501714706421,
    2.3646295738220213,
    2.357783098220825,
    2.3425247383117678,
    2.3287567443847657,
    2.326307945251465,
    2.326898288726807,
    2.3274505462646484,
    2.3180887184143066,
    2.3165507469177244,
    2.315517593383789,
    2.315045358657837,
    2.3120754051208494,
    2.310144931793213,
    2.309284828186035,
    2.310554193496704,
    2.3070625972747805,
    2.3125762596130373,
    2.3065465946197508,
    2.3065042209625246,
    2.3031161556243895,
    2.3021734237670897,
    2.306588689804077,
    2.300830389022827,
    2.3026501369476318,
    2.3036737747192384,
    2.3005172233581543,
    2.3003669357299805,
    2.2980370140075683,
    2.298901149749756,
    2.299307041168213,
    2.304680597305298,
    2.3061851119995116,
    2.303373788833618,
    2.300407173156738,
    2.2985370082855225,
    2.297931797027588,
    2.2987320957183837,
    2.297412889480591,
    2.2977740459442137,
    2.294995487213135
  ],
  "eval_loss": [
    2.490360155105591,
    2.6332075786590576,
    2.518316307067871,
    2.4348841094970703,
    2.69020206451416,
    2.386412477493286,
    2.4103694343566895,
    2.4627013969421387,
    2.7408326053619385,
    2.8163698959350585,
    2.837810478210449,
    2.6772952938079833,
    2.510137233734131,
    4.613153686523438,
    5.176998977661133,
    5.5839033126831055,
    5.61688117980957,
    5.559547939300537,
    5.961360168457031,
    6.081313571929932,
    5.96019027709961,
    6.068995590209961,
    6.491842269897461,
    6.157672538757324,
    5.267977485656738,
    5.571410179138184,
    5.54749418258667,
    5.444650630950928,
    5.384908027648926,
    5.666912117004395,
    5.300889282226563,
    5.142611446380616,
    5.5552264595031735,
    5.414349327087402,
    5.718314743041992,
    5.800942230224609,
    5.977667484283447,
    6.206235046386719,
    6.0585065269470215,
    4.022724294662476,
    3.283680543899536,
    3.279306507110596,
    3.5233687686920168,
    3.4197539138793944,
    3.4206057357788087,
    3.5030152702331545,
    3.6466452789306643,
    3.4625602626800536,
    3.3938330078125,
    3.5388711738586425
  ],
  "eval_accuracy": [
    0.1010546875,
    0.1005078125,
    0.100859375,
    0.10416015625,
    0.09921875,
    0.098046875,
    0.09796875,
    0.10330078125,
    0.103671875,
    0.10201171875,
    0.10384765625,
    0.1024609375,
    0.10671875,
    0.1051171875,
    0.10078125,
    0.10146484375,
    0.104609375,
    0.104453125,
    0.10296875,
    0.10333984375,
    0.10412109375,
    0.10251953125,
    0.10240234375,
    0.102734375,
    0.1040234375,
    0.10384765625,
    0.1036328125,
    0.10228515625,
    0.103203125,
    0.10205078125,
    0.10166015625,
    0.1077734375,
    0.1016796875,
    0.10392578125,
    0.10103515625,
    0.10208984375,
    0.1029296875,
    0.10328125,
    0.10267578125,
    0.10041015625,
    0.102578125,
    0.1015234375,
    0.10484375,
    0.10416015625,
    0.10298828125,
    0.10279296875,
    0.10416015625,
    0.10513671875,
    0.1018359375,
    0.10439453125
  ],
  "eval_perplexity": [
    12.065622329711914,
    13.918342590332031,
    12.40768814086914,
    11.414495468139648,
    14.734651565551758,
    10.874410629272461,
    11.13807487487793,
    11.736473083496094,
    15.499884605407715,
    16.716060638427734,
    17.078330993652344,
    14.545697212219238,
    12.306619644165039,
    100.80152130126953,
    177.15040588378906,
    266.1082763671875,
    275.03033447265625,
    259.70538330078125,
    388.13763427734375,
    437.6036682128906,
    387.68389892578125,
    432.24627685546875,
    659.7376708984375,
    472.327392578125,
    194.023193359375,
    262.804443359375,
    256.5938415527344,
    231.51638793945312,
    218.090087890625,
    289.14031982421875,
    200.5150909423828,
    171.16217041015625,
    258.5854797363281,
    224.6063995361328,
    304.3914794921875,
    330.6109924316406,
    394.5190124511719,
    495.8309020996094,
    427.73614501953125,
    55.853050231933594,
    26.673763275146484,
    26.55734634399414,
    33.898433685302734,
    30.56189727783203,
    30.587934494018555,
    33.2154541015625,
    38.34580993652344,
    31.89853858947754,
    29.779878616333008,
    34.42803955078125
  ]
}