{
  "train_loss": [
    25.225383270263674,
    3.736313549041748,
    3.2445642280578615,
    2.9828595695495603,
    2.7998675537109374,
    2.6927730484008787,
    2.61109912109375,
    2.563752773284912,
    2.5206282806396483,
    2.4886852703094484,
    2.4694467029571534,
    2.452446319580078,
    2.4257892551422118,
    2.420178802490234,
    2.405080297470093,
    2.3946527633666994,
    2.387216136932373,
    2.3818644981384276,
    2.372360420227051,
    2.3719351978302003,
    2.3643952827453614,
    2.3590448265075685,
    2.3551421298980713,
    2.348178955078125,
    2.3525122623443604,
    2.3448652420043947,
    2.3438818416595457,
    2.3423599758148193,
    2.3395089836120606,
    2.337500499725342,
    2.337022514343262,
    2.3325008811950685,
    2.332327987670898,
    2.3334196434020997,
    2.331908121109009,
    2.331864227294922,
    2.3279203491210936,
    2.324968868255615,
    2.3246982498168944,
    2.3231608409881592,
    2.324063047409058,
    2.323828275680542,
    2.3219698429107667,
    2.3182605686187743,
    2.320896499633789,
    2.3189346141815186,
    2.3183830795288087,
    2.321927219390869,
    2.3218220863342287,
    2.313025220870972
  ],
  "eval_loss": [
    2.4274092292785645,
    2.349909143447876,
    2.3462131690979002,
    2.3660788345336914,
    2.359405870437622,
    2.3190566539764403,
    2.3683715057373047,
    2.3504762172698976,
    2.3514415645599365,
    2.3390895557403564,
    2.3320864772796632,
    2.3291982078552245,
    2.352235641479492,
    2.4764778327941896,
    2.5322890853881836,
    2.598113536834717,
    2.694970531463623,
    2.720992908477783,
    2.8095556259155274,
    2.8146997928619384,
    2.890948886871338,
    3.0549380588531494,
    3.162334623336792,
    3.176216011047363,
    3.296920642852783,
    3.3955996227264404,
    3.2911164474487307,
    3.353943958282471,
    3.4651127815246583,
    3.3544796657562257,
    3.3046863174438474,
    3.4457185649871827,
    3.420584449768066,
    3.32200044631958,
    3.505704736709595,
    3.4374013328552246,
    3.5003044605255127,
    3.4962149620056153,
    3.632991466522217,
    3.445587520599365,
    3.60815637588501,
    3.5071028900146484,
    3.5926953887939455,
    3.661585235595703,
    3.6645883750915527,
    3.370053768157959,
    3.4346056175231934,
    3.521059055328369,
    3.574080715179443,
    3.5441355895996094
  ],
  "eval_accuracy": [
    0.099453125,
    0.101484375,
    0.09935546875,
    0.1027734375,
    0.1003515625,
    0.10189453125,
    0.0981640625,
    0.10013671875,
    0.10373046875,
    0.1029296875,
    0.1022265625,
    0.1015625,
    0.10478515625,
    0.10376953125,
    0.1023046875,
    0.10208984375,
    0.10232421875,
    0.1043359375,
    0.10298828125,
    0.10283203125,
    0.10337890625,
    0.104453125,
    0.10361328125,
    0.1027734375,
    0.10228515625,
    0.1043359375,
    0.10271484375,
    0.10310546875,
    0.10388671875,
    0.10251953125,
    0.1030078125,
    0.10552734375,
    0.1020703125,
    0.10365234375,
    0.10318359375,
    0.1041015625,
    0.10447265625,
    0.103359375,
    0.103125,
    0.10279296875,
    0.10376953125,
    0.10212890625,
    0.10298828125,
    0.10185546875,
    0.10455078125,
    0.1031640625,
    0.10392578125,
    0.10453125,
    0.1037890625,
    0.10421875
  ],
  "eval_perplexity": [
    11.32949161529541,
    10.48461627960205,
    10.445937156677246,
    10.65552806854248,
    10.584659576416016,
    10.166080474853516,
    10.679986000061035,
    10.490565299987793,
    10.500697135925293,
    10.371789932250977,
    10.299409866333008,
    10.269702911376953,
    10.509037017822266,
    11.899279594421387,
    12.582274436950684,
    13.438363075256348,
    14.805083274841309,
    15.195401191711426,
    16.602537155151367,
    16.688167572021484,
    18.01038932800293,
    21.219871520996094,
    23.625690460205078,
    23.955936431884766,
    27.02927589416504,
    29.832536697387695,
    26.87285041809082,
    28.615371704101562,
    31.98006248474121,
    28.630699157714844,
    27.2399959564209,
    31.365812301635742,
    30.5872859954834,
    27.715740203857422,
    33.30490493774414,
    31.10601806640625,
    33.12553405761719,
    32.99034118652344,
    37.8258056640625,
    31.36170768737793,
    36.89796829223633,
    33.35150909423828,
    36.33187484741211,
    38.92300033569336,
    39.04006576538086,
    29.08009147644043,
    31.019176483154297,
    33.82022476196289,
    35.66182327270508,
    34.60975646972656
  ]
}