{
  "train_loss": [
    14.679415168762207,
    3.5107198429107664,
    3.0301410408020018,
    2.8075486755371095,
    2.64636714553833,
    2.5559349975585937,
    2.4849056396484377,
    2.451991012573242,
    2.4489193878173827,
    2.411773313522339,
    2.3922460021972656,
    2.3837670364379884,
    2.3741259803771975,
    2.3730035552978515,
    2.3542637939453126,
    2.357671272277832,
    2.349288541793823,
    2.3426771659851076,
    2.3379569244384766,
    2.3379417686462403,
    2.3332598667144775,
    2.3286646575927734,
    2.3264862117767335,
    2.3237176036834715,
    2.3290218658447266,
    2.3223540878295896,
    2.323395523071289,
    2.31899973487854,
    2.3194090938568115,
    2.315553512573242,
    2.3180974273681643,
    2.3155458908081057,
    2.3130037727355957,
    2.315188907623291,
    2.3143428077697754,
    2.3113934078216554,
    2.3105692615509033,
    2.3098260078430175,
    2.3089762115478516,
    2.3075355472564696,
    2.3088754539489744,
    2.307742412567139,
    2.3054694480895996,
    2.3057377758026125,
    2.306996196746826,
    2.3036529712677,
    2.3040418815612793,
    2.3077200145721437,
    2.3062074642181396,
    2.3039834632873535
  ],
  "eval_loss": [
    2.7630720138549805,
    2.49851300239563,
    2.393152494430542,
    2.462736930847168,
    2.499677858352661,
    2.586821632385254,
    3.1223144340515137,
    2.9097751808166503,
    3.0302587890625,
    3.1264526939392088,
    3.2120548629760743,
    3.2073452854156494,
    3.3147954750061035,
    3.2773131942749023,
    3.4951702404022216,
    3.6309901428222657,
    3.7316315460205076,
    3.644043607711792,
    3.9543573570251467,
    3.90834774017334,
    4.189653587341309,
    4.606451358795166,
    4.951254234313965,
    5.132501697540283,
    5.274876708984375,
    5.441933631896973,
    5.083434104919434,
    5.489141998291015,
    5.557692890167236,
    5.754943504333496,
    5.7158415985107425,
    5.851684436798096,
    5.931685886383057,
    5.876409282684326,
    5.8978496932983395,
    5.777048320770263,
    5.822251281738281,
    6.121462459564209,
    6.237486667633057,
    6.008118591308594,
    6.413782043457031,
    6.006262454986572,
    6.246441173553467,
    6.39255428314209,
    6.176184329986572,
    6.114409942626953,
    6.30969669342041,
    6.435904560089111,
    6.430888195037841,
    6.517610359191894
  ],
  "eval_accuracy": [
    0.10302734375,
    0.09947265625,
    0.102578125,
    0.1018359375,
    0.10048828125,
    0.10404296875,
    0.10267578125,
    0.10193359375,
    0.10361328125,
    0.10201171875,
    0.10265625,
    0.103828125,
    0.104375,
    0.10509765625,
    0.10193359375,
    0.1025,
    0.10509765625,
    0.103515625,
    0.1026171875,
    0.103203125,
    0.1033984375,
    0.10171875,
    0.10396484375,
    0.10263671875,
    0.10365234375,
    0.10431640625,
    0.10228515625,
    0.10166015625,
    0.1028125,
    0.1011328125,
    0.1015234375,
    0.1044921875,
    0.1009765625,
    0.10380859375,
    0.10423828125,
    0.10357421875,
    0.10375,
    0.10333984375,
    0.103359375,
    0.1023046875,
    0.10568359375,
    0.10359375,
    0.1061328125,
    0.104375,
    0.1021484375,
    0.10546875,
    0.1036328125,
    0.1041796875,
    0.10212890625,
    0.1053515625
  ],
  "eval_perplexity": [
    15.848454475402832,
    12.16439151763916,
    10.947953224182129,
    11.736889839172363,
    12.178570747375488,
    13.287470817565918,
    22.698854446411133,
    18.352672576904297,
    20.702590942382812,
    22.79298210144043,
    24.830059051513672,
    24.713390350341797,
    27.516765594482422,
    26.504465103149414,
    32.955902099609375,
    37.75017166137695,
    41.74716567993164,
    38.24618148803711,
    52.16216278076172,
    49.81657791137695,
    65.99990844726562,
    100.12821197509766,
    141.35215759277344,
    169.44046020507812,
    195.36636352539062,
    230.88819885253906,
    161.32711791992188,
    242.04942321777344,
    259.22412109375,
    315.7476806640625,
    303.6396789550781,
    347.81982421875,
    376.7892150878906,
    356.52667236328125,
    364.2533264160156,
    322.8049011230469,
    337.7315368652344,
    455.5303649902344,
    511.57122802734375,
    406.7174072265625,
    610.1971435546875,
    405.9631042480469,
    516.1726684570312,
    597.3804931640625,
    481.1524658203125,
    452.3290710449219,
    549.8781127929688,
    623.8466186523438,
    620.7250366210938,
    676.9588623046875
  ]
}