{
  "train_loss": [
    62.853230293273924,
    4.679436611175537,
    3.8667396926879882,
    3.529280651092529,
    3.3159889945983885,
    3.1626745014190676,
    3.0333871116638185,
    2.930030996322632,
    2.8500357933044436,
    2.7789067573547364,
    2.7198656806945802,
    2.678976421356201,
    2.6337765502929686,
    2.6044574813842774,
    2.571822002410889,
    2.5464107437133787,
    2.5306689224243164,
    2.512115104675293,
    2.4991779289245604,
    2.4838631954193113,
    2.4723629760742187,
    2.469124460220337,
    2.4581889896392823,
    2.444483106613159,
    2.4346677055358885,
    2.4336237926483153,
    2.4237494144439697,
    2.4157572784423826,
    2.4120420742034914,
    2.4058913288116455,
    2.404575824737549,
    2.399389024734497,
    2.3921092472076415,
    2.3881362991333006,
    2.384321334838867,
    2.3813552627563475,
    2.3817439231872557,
    2.3760817031860353,
    2.3724904136657714,
    2.368733013153076,
    2.365465509414673,
    2.35926815032959,
    2.3587582397460936,
    2.355793622970581,
    2.3524253520965575,
    2.3500968551635744,
    2.3498061981201173,
    2.3489546756744386,
    2.346757469177246,
    2.344752805709839
  ],
  "eval_loss": [
    2.5902931022644045,
    2.375455226898193,
    2.3387838649749755,
    2.3346829223632812,
    2.327192668914795,
    2.321273727416992,
    2.3241725063323972,
    2.3260142993927,
    2.3172304916381834,
    2.3195570373535155,
    2.315304126739502,
    2.3263164520263673,
    2.3226724910736083,
    2.3248049926757814,
    2.3233150100708007,
    2.3228394412994384,
    2.3215479946136472,
    2.309527635574341,
    2.323902988433838,
    2.312540340423584,
    2.3091789627075197,
    2.3240915966033935,
    2.3190479946136473,
    2.313180379867554,
    2.3146059989929197,
    2.322375526428223,
    2.312607765197754,
    2.334140853881836,
    2.326213083267212,
    2.3165471839904783,
    2.323745765686035,
    2.3154363441467285,
    2.3212566566467285,
    2.328233127593994,
    2.3376570320129395,
    2.3393477821350097,
    2.3409011268615725,
    2.37402606010437,
    2.4384702491760253,
    2.452105026245117,
    2.574544811248779,
    2.633705148696899,
    2.709261169433594,
    2.8180101490020752,
    2.84431697845459,
    2.9555259990692138,
    2.964474067687988,
    3.086150894165039,
    3.09214017868042,
    3.2230195140838624
  ],
  "eval_accuracy": [
    0.09978515625,
    0.0985546875,
    0.0988671875,
    0.10099609375,
    0.10529296875,
    0.10234375,
    0.098828125,
    0.10267578125,
    0.10119140625,
    0.0992578125,
    0.10328125,
    0.098046875,
    0.10384765625,
    0.1039453125,
    0.10037109375,
    0.102265625,
    0.1025,
    0.1028125,
    0.103828125,
    0.10283203125,
    0.10392578125,
    0.10107421875,
    0.10197265625,
    0.1011328125,
    0.100625,
    0.10193359375,
    0.09947265625,
    0.10263671875,
    0.1028515625,
    0.10380859375,
    0.103828125,
    0.10453125,
    0.1025390625,
    0.1053515625,
    0.1019140625,
    0.1040234375,
    0.10224609375,
    0.10322265625,
    0.1050390625,
    0.10140625,
    0.103203125,
    0.10314453125,
    0.1037109375,
    0.1027734375,
    0.10193359375,
    0.1033203125,
    0.10505859375,
    0.103203125,
    0.10291015625,
    0.10279296875
  ],
  "eval_perplexity": [
    13.333680152893066,
    10.755908012390137,
    10.368620872497559,
    10.32618522644043,
    10.249129295349121,
    10.188644409179688,
    10.218220710754395,
    10.23705768585205,
    10.147531509399414,
    10.171167373657227,
    10.128002166748047,
    10.240150451660156,
    10.202906608581543,
    10.224686622619629,
    10.209461212158203,
    10.204608917236328,
    10.191438674926758,
    10.069666862487793,
    10.215468406677246,
    10.100049018859863,
    10.066157341003418,
    10.217394828796387,
    10.165990829467773,
    10.10651683807373,
    10.120933532714844,
    10.199875831604004,
    10.100730895996094,
    10.320588111877441,
    10.239093780517578,
    10.140600204467773,
    10.213861465454102,
    10.129342079162598,
    10.188469886779785,
    10.259799003601074,
    10.356941223144531,
    10.374468803405762,
    10.390595436096191,
    10.740547180175781,
    11.455504417419434,
    11.61276626586914,
    13.12534236907959,
    13.92526912689209,
    15.018176078796387,
    16.743499755859375,
    17.1898136138916,
    19.211828231811523,
    19.384504318237305,
    21.892648696899414,
    22.0241641998291,
    25.103809356689453
  ]
}